temp,humid,light,ac,heater,dehum,hum_sensor,label
21.43742508772042,66.07596209950428,251.11065270775907,1,1,0,50.26336673212815,0
21.881566766802347,66.32844656803283,251.05052728740603,1,0,0,88.39670448013526,0
23.073047188847568,65.47717364616275,250.97386994329253,1,0,0,95.96424315445186,0
22.353993777252477,66.15883565777087,253.7679530741945,1,0,1,5.052747374774558,0
22.36884355210995,66.65493851794196,254.150657256411,1,1,0,26.50761156821273,0
22.95403118833586,66.12460105613812,246.51352474689375,0,1,1,65.00623322364969,0
22.14268409613805,65.38708177541292,249.71652002235228,0,1,0,95.93227210710043,0
22.16353380603279,66.02292692888307,249.4233094840018,1,0,1,79.0476116889481,0
21.297680508868712,66.21186284465335,251.46937602916842,1,1,1,40.3176411649773,0
23.177975410582487,65.80992517446305,254.17529525978813,0,0,1,27.80171180557739,0
21.397996317888204,65.98781229258763,250.6695505721783,1,0,1,56.74556564832385,0
22.8304206100894,66.3177971269886,250.9809033000806,0,1,1,19.959423042325064,0
22.525052477891492,66.80544600728862,251.08779119968423,1,0,1,26.6095947557476,0
22.15358371948394,66.14864757603293,252.13183310190655,1,0,1,93.80693296992997,0
22.235487069737154,65.84445189295525,253.63815173701002,1,0,1,92.63738371538388,0
22.018515005276978,66.12462359406312,252.21357364502978,1,0,1,43.87898906843998,0
23.351238336390868,65.90901990549538,252.92622452429828,0,1,1,59.16077119578701,0
23.209775214720636,65.00953341379292,252.29416092856962,0,1,1,0.6751366143744275,0
22.669555293897183,65.80667266974994,248.25865014869032,1,1,1,59.76916584441469,0
22.919786640386278,65.62810442202871,255.1320762547081,1,1,0,7.934093868686453,0
22.871978738290615,65.80686406853728,252.63374585187645,1,0,1,83.36244536213262,0
23.327373318653482,65.4152790211032,253.8859142937527,1,0,1,72.23116298158116,0
22.660411011700447,66.59094935038229,254.5930108554403,1,1,1,26.288341040665543,0
22.475507907033016,66.03422786765783,253.77434895467533,1,0,1,53.47243091367822,0
22.11361382107777,66.17411705545767,257.5368977257268,1,1,1,27.159968642124156,0
23.161154391039123,65.95231586780957,258.2554347995554,0,0,1,33.41553899480999,0
22.802281442288365,65.96435966712158,253.2608297812926,1,0,1,59.56199154933691,0
23.419147741617206,66.19542673117584,253.4176911422873,0,1,1,14.934007075050083,0
21.643824532150475,66.02456238705328,257.4469780076622,0,0,1,10.440744354295173,0
22.930266940021102,65.43539301227506,253.77316219155645,1,0,1,69.45610568350217,0
22.83539287126732,66.53545955436725,258.9647488980477,1,1,0,43.9201530923904,0
22.95365645688621,66.6567625931008,253.80754368657082,1,1,1,65.53450058110494,0
22.676350390971727,65.59043908790706,253.80261155456392,0,1,1,21.873626971069438,0
22.500156315996186,65.33279135528112,257.7324477685026,0,1,1,62.447554935738225,0
23.330763919622544,66.1771200818911,260.3595274637226,0,1,0,55.22477959156772,0
22.12884187357777,66.06786865689776,256.94444890025466,1,0,1,56.346858586151995,0
21.620551775199893,65.25505598422063,258.60696100025046,0,1,0,7.339916081510179,0
23.083353027066998,66.46637126835931,254.79513601229576,1,0,1,97.95262129623191,0
23.102953517339138,65.82342339466139,256.6182137785635,1,1,1,52.42189611620509,0
22.76849130368876,66.03083131736746,254.94179450976156,0,0,0,59.917598274032194,0
23.440607229097814,65.8617542963471,258.8847287604863,0,1,1,50.62451410719173,0
23.208486991089103,65.54505868822051,259.8191693920838,0,0,1,11.232180722291062,0
23.108468252760122,65.5504586782236,258.31091203799645,1,1,0,56.13238029725582,0
22.740844789795176,65.65139852063147,257.9308517498131,0,0,1,61.42820621388728,0
23.72246661462312,65.23638492234768,257.8833325976984,1,1,1,36.65562071710918,0
22.660481160622783,66.23594148051718,254.26434390712373,1,1,1,44.97837083911702,0
23.495793613746567,66.12541818753466,256.9430468910546,1,0,0,33.66464518321428,0
22.9036737534724,65.67006329508462,261.68962809404866,1,1,0,97.94938244821223,0
22.087292423177228,66.23582511117701,260.4405005107565,1,0,1,18.008350822868778,0
23.162214602320173,65.2687868026373,256.538762265024,0,1,1,67.90715963494117,0
23.28567802675274,66.31524589956183,256.2026533100346,1,0,1,60.05310059039227,0
23.341484763873165,65.76653153006323,262.09952849105264,1,0,1,23.486768880043474,0
23.061609032662417,65.88134307097158,256.5940937534303,1,1,1,79.88325760650712,0
22.804046686380914,66.45333582660712,260.47314377492,1,0,1,71.82975560378398,0
22.69019899170014,65.36896103067407,257.9379414479777,1,1,0,95.07456175543714,0
22.71377940610456,66.13879536786602,261.5188341385552,0,1,1,96.98695131977608,0
22.90700841721975,65.79749500509723,259.14778280784776,1,0,1,2.7197281528241413,0
23.342562282338843,65.5411427467272,260.37373766769383,0,1,0,65.34267301536683,0
23.40573239671928,65.3053655885379,260.5227118483411,0,0,0,79.74264892814182,0
23.48551332761569,65.9119951928686,265.34839492244026,0,0,1,47.263564791227545,0
23.116339557736314,66.2648851962668,258.9968269755206,1,1,1,24.180902363338408,0
22.495316432589863,65.6131501399184,263.1175873064267,1,0,1,54.34061932345674,0
23.18615228342114,65.77703733231496,265.93089228310987,0,1,1,56.75171905916658,0
23.28649935474791,65.03177560123318,259.6564584452536,1,0,1,54.99266217553569,0
23.801458704598158,65.14717492824433,261.4414302507968,0,0,0,29.50987669679952,0
23.91131052689906,65.27958126092649,262.3211556466262,1,0,1,2.5125474762516586,0
23.091980613484488,65.6328145446257,260.3579907047161,0,1,1,94.91581676514073,0
22.956969003699886,64.74074619384099,260.89823693607934,1,1,0,96.16778338300594,0
23.089160685726295,65.47870303095915,263.02946892071003,0,1,1,3.2519025989041106,0
23.848591159177033,65.22130098208639,264.40685322007187,1,0,0,24.709765457864087,0
22.47014315150052,64.9460483492833,264.0303500397772,1,1,0,80.83474001144134,0
22.550050006415578,65.8147202018762,266.13107867120056,0,0,1,35.16754289551523,0
22.60451438223656,66.03082539442262,260.26803200297934,0,1,0,77.51830519784123,0
23.045793826652098,65.53795195469517,261.8695142949406,0,1,1,38.141675436364075,0
22.785158135534008,65.25340080311432,270.39352127207525,0,0,1,89.05025456958899,0
22.82208546376377,65.309770198893,257.6149729854936,0,1,1,68.51633199324192,0
22.8894463399793,65.28443686236223,263.6931872292726,1,0,1,89.51247066344847,0
22.994770803780465,65.51306373794812,264.61495126052426,0,1,0,4.374014476369037,0
22.427380747654272,64.65917619823425,261.6968585385046,1,1,0,57.535295070632465,0
22.67948827745093,65.15409832239655,264.3230484061994,1,1,1,64.71968293812631,0
23.855990812301012,65.73791687454114,266.7212697586449,0,0,1,56.69882031604594,0
23.867569678839814,65.73090914935834,269.11436192390676,0,0,0,55.67208188755958,0
22.78623588803883,66.05280305148078,265.48905222738824,1,1,0,54.52877907505446,0
22.71585243438017,65.24801008134102,264.5614757390023,1,1,1,51.678385954132345,0
23.462722244555792,64.69016919462118,258.2353229428649,1,0,0,28.4542326182884,0
22.307899369800374,65.67854518049941,265.31100120586774,1,0,0,77.58429229517279,0
22.02430527918431,65.17784461715705,264.36103043841325,0,0,0,10.632066317087274,0
22.401261025865974,65.07365711607633,264.3247285930417,1,0,0,59.80717460584097,0
23.03305646214724,65.3646523734845,259.4100099564731,0,1,0,99.90663048122535,0
22.985765617050685,64.56894473308695,263.71593907385375,0,1,0,81.27426472463452,0
21.99118212205418,64.45744264266153,265.2523358811628,1,0,1,29.260349954317768,0
23.162368248437147,65.34710595345881,265.48879716468866,0,0,1,96.41102306577048,0
22.164606532911048,65.86552857297744,270.9115491174289,1,0,1,38.5714136859052,0
22.735807891570342,64.82844228814236,265.37430844009043,0,0,1,48.847119374755735,0
23.24409688626546,66.29331125218721,270.2079020399894,1,1,1,73.47979309758131,0
22.14731647591355,65.27750378433772,267.3506331586,0,1,0,41.606071945728885,0
23.038272054551975,65.07508967526314,266.1920727543853,1,1,0,61.806065898881116,0
22.467652795399296,64.57769392729799,266.5710762226759,0,1,1,8.736839339274272,0
22.93404873673352,65.41869259023383,267.6181127190884,0,0,0,5.272113444340865,0
23.459001783889438,64.58945476868189,267.02591757646144,1,1,0,85.94954364610383,0
22.87323962984225,64.75522022559456,267.3763592286405,0,1,1,85.77912855264418,0
22.558017421651083,64.76536954961713,265.398552640129,0,0,1,81.2009207167153,0
22.96287617830086,65.08710251506797,265.6858560666624,0,0,0,95.60347386771073,0
22.8468010319584,65.00395302025672,267.6289777459564,0,1,1,70.11738931384993,0
22.87175238591586,65.37033058008225,267.2219046221288,1,0,0,12.720255817207937,0
23.654201131364463,65.38790482772791,265.64426664072477,1,1,1,3.7300308461523324,0
22.11539078505194,65.46849669554926,268.98952730681003,0,1,0,82.86201313011905,0
23.540296729868174,64.64861446445012,273.1722090661046,1,1,0,1.3509735911115595,0
22.58109638890703,65.63255377136083,262.55081544444624,0,1,1,65.56429374238695,0
22.723499579958034,64.77883535424836,268.10774876629057,0,1,0,89.77036695568641,0
22.33167686898716,64.52744088516532,266.1340223912512,0,1,0,81.91351285808844,0
22.91401044940395,66.0727495057887,265.99704903797544,1,0,0,81.47240529025953,0
22.35293610754864,64.54537771457571,265.57874440380675,0,1,1,64.84426855281731,0
22.812496982599285,64.57196317076176,264.30765840953296,1,0,1,67.44882388172857,0
22.801474041777674,65.35343593399406,266.69818144549953,0,0,1,31.237370248106544,0
22.524732125260005,65.00011911060528,266.2876878918127,1,1,1,86.74192881226416,0
23.121836991898387,64.2424814438637,267.8824028671554,1,1,0,58.77639497296513,0
22.863144572871914,64.70868629447689,264.671098504183,1,0,1,30.99661772595741,0
22.214002815274245,65.49122066451774,267.5721687228604,1,1,1,20.300680395114945,0
21.99094094136457,65.29109345148392,272.05259720824745,1,0,1,30.954756487504365,0
22.047893578995783,64.91930657428323,268.35021335925416,0,1,0,33.52322793689454,0
22.188280418259556,64.09662125964763,270.6400845506517,1,0,1,77.21671988062494,0
22.923936968572544,64.35820812234762,268.73660090805225,1,0,1,66.49558820169126,0
22.703748295365077,64.86902359746038,270.71938206580023,0,1,1,7.43805529415763,0
23.264699416268865,63.94830032296701,266.41254772982137,1,1,1,10.661987085503599,0
22.298027566346406,65.33068519818983,272.28685066328893,1,0,0,22.867209246430253,0
22.939374224456653,65.89831530565523,270.47057635192664,1,1,0,34.45694743461186,0
23.954967253395687,64.34485033904068,269.01205646247297,1,1,1,1.018536904985734,0
22.09432553505058,64.76430388852597,268.1558532952137,0,0,1,2.043871114856266,0
22.289567858915124,63.94938180451093,271.3012950093265,1,0,1,0.4048994366616876,0
23.114239731435163,64.80166761493706,269.1507580270316,1,0,0,16.112260634811893,0
22.85927625486622,64.817093907542,268.3258194274084,1,0,1,58.885189249434156,0
22.430621514094142,64.86973156093497,274.15298551613904,1,1,1,54.77215494262882,0
22.863256361250954,65.46900675279717,267.81055072937636,1,1,0,47.48866824348674,0
22.199843712199876,64.8208463564192,268.9967040245502,1,1,0,29.645086143721844,0
23.04559021152403,64.27365040006427,268.99853290302497,0,0,1,40.08029122962149,0
22.343563154611374,65.05967390114795,271.9627300898671,0,0,0,42.44360824167502,0
22.201285945066054,64.5586875474268,264.08372575231857,1,0,1,47.41962222328512,0
23.11801322004978,65.39334559823477,267.1156938806301,1,1,0,26.70178375679694,0
20.992083974444427,64.45346357992284,274.7027604022595,1,0,0,47.147681356423966,0
22.231117000984444,64.36845094103529,268.8434151192395,0,0,0,90.40147082650684,0
22.341340919674327,65.49533627495138,268.83184345176994,0,0,1,88.24096368404956,0
21.937161671148665,64.22466156431177,275.7539129444698,0,1,0,48.13923995392753,0
22.026860543995927,63.957080452650416,266.5859732307529,0,1,1,2.126937387906669,0
22.237082934253756,63.943300649443636,271.44470384689527,1,1,1,12.11420962174955,0
22.499531115372484,64.14561757756913,270.0708418758489,0,1,0,46.015213034787095,0
21.71166958480964,64.81516688614701,274.8838797877644,1,1,0,70.02895219158647,0
22.312925893573176,64.24852170921015,270.67458235644443,1,1,0,63.33724364544775,0
21.775180544606194,64.86083264966767,270.2558217749506,1,1,0,12.88982551030493,0
21.72674173569139,64.74356442686623,267.6040113721309,0,0,1,52.31672460273824,0
22.72211829823783,64.16512958405269,264.75376477379166,0,1,1,81.8248480614352,0
22.603794943048797,64.50292335382723,266.6939505113685,1,1,0,44.3299418114206,0
22.66194125358505,64.16777959851174,267.899240803624,0,1,1,23.872165778432752,0
22.447895284975075,64.43317991921543,274.42141693173767,0,1,1,30.939524426490983,0
21.858099859156276,64.33422441399786,268.41631063729363,1,1,0,79.84880440892823,0
22.489015408216936,64.00022933577182,271.59081769182234,1,0,1,2.974153213285191,0
21.85998266657403,64.71570078956734,265.31254733470666,1,0,1,77.22015633580348,0
22.012100638306293,64.5218822751313,268.3954936671928,1,0,0,58.96586683598986,0
21.72435463465045,64.9173493018478,271.4513047514967,1,1,0,75.03515171007335,0
21.52673459607319,64.81131007451005,272.2384395069203,1,1,0,44.577467989413975,0
23.005714959085132,64.0557601218092,266.6551916000387,0,0,1,67.53636189711946,0
21.482792884917288,64.53195938229294,270.0919658152965,1,1,1,13.418566628921468,0
22.324138049563874,63.73383182901252,268.6615274246557,1,1,0,34.19775795934462,0
21.920106487160247,64.53756344210952,268.0686554610958,1,0,1,39.187097189168085,0
21.622535054563105,63.41062332137715,273.37438046920425,1,0,1,74.93502041265664,0
22.310523281104334,64.36074190701395,272.84510633635995,0,0,0,14.906190317796842,0
21.432985739250558,64.37850364467984,269.4697059091423,0,0,1,93.56775920232575,0
21.280484639097615,65.02743936900976,271.33317290053935,0,0,0,93.08504040789472,0
22.012098639264725,64.7937228272248,264.6031662636444,1,0,0,62.81414604622918,0
22.401817928730978,64.49920892117706,274.78137805402906,1,0,0,8.54260770125469,0
22.28380831348576,63.29202254365549,276.15128033847304,1,0,1,82.09090533438474,0
21.541485875140005,64.10048180286964,269.8652295805084,1,0,1,44.23277304173857,0
21.919428910423523,63.96469052962851,270.97508245180256,0,0,0,42.372563067103954,0
21.66898069542541,63.87291523944539,270.5867165674493,0,0,1,44.67713444381881,0
21.656733743859046,63.71910518008605,267.50331217260816,0,0,0,84.91760077597428,0
21.783854421476033,65.23143358302178,272.791198583761,1,0,0,35.49449733965246,0
20.996911039560594,64.24886317795527,274.73833083887433,0,0,0,29.14635444103698,0
21.209988577368108,64.0439225015377,269.6819322710527,1,0,1,22.60809227896441,0
20.769398203142366,64.01020299238071,267.97957757419346,0,1,1,84.52399494717064,0
21.676059924748674,64.34220109631343,272.5814292474871,1,0,0,98.63777123923757,0
22.19863420770909,64.83796311864887,270.2787796517017,1,1,1,80.56339577094673,0
21.700056945511374,64.28287911233599,270.8114029761336,0,0,1,88.92008856417607,0
21.630146751065592,63.76818754695996,267.69394963206634,1,1,0,48.6743378030946,0
21.106456750127187,64.27847157141592,271.736864133143,1,1,1,38.692334565709864,0
21.523507090307024,64.71723723633663,267.29950574947253,0,1,0,26.363820312075937,0
21.038117604545075,63.67661336487262,269.01622635843114,0,1,0,61.45712937870583,0
21.135833959177006,64.18045892864599,274.9564411758129,1,1,0,62.24428149221591,0
21.684843848964828,65.11046952919327,265.61357397711356,0,1,0,21.37826884416515,0
21.713937684329984,63.98229745624139,272.9761819142996,1,0,1,0.041513006893556526,0
20.485950959447145,63.40858056827367,269.7566427030862,0,0,0,70.83511738069093,0
22.073110094637247,64.63106032694333,269.4748941733825,1,0,0,36.09562909600187,0
21.217641204148986,63.894072719912025,268.05757496328573,1,0,0,94.9547064123363,0
21.73030623446579,63.41121755724113,270.4650607937343,0,0,1,2.193436289343964,0
21.771811838087128,63.381652029214386,269.03458710978754,1,1,0,54.60353236377178,0
20.822696175225698,64.18513383393334,270.3988402987241,0,0,0,86.11666697207274,0
21.493843907702527,63.86180323612441,265.693649933083,0,0,0,34.29848031816515,0
20.369277395075922,63.30535579072825,267.3280320952937,1,1,1,59.50341169982137,0
21.411429509805885,63.09113935252421,265.22426286319455,0,1,0,12.048091467195722,0
20.08277729043395,63.23289425553964,267.6016810800892,0,0,0,0.14122134163312428,0
21.262979582801385,63.90373221482227,269.99271146596243,1,0,1,65.19380064339595,0
24.98650144494176,56.089301539303364,417.569669509316,0,0,0,99.43292503462466,0
24.294805038379163,57.07046559925435,419.61609257856117,1,0,0,71.7585799108642,0
23.727795061160656,56.82491736522979,416.9967179573202,1,1,0,89.89003669742115,0
23.758017867584037,56.91820566975998,422.6344617736327,1,0,1,73.23262394486835,0
24.60801631570868,57.02307191334213,414.26492235878305,0,1,1,70.48676759102601,0
24.365900692789804,57.18566609907804,420.8753737478282,1,0,0,65.5287193063806,0
24.028533714508132,57.48594332678334,419.9379555886368,1,0,0,86.62113256620093,0
24.488708546245874,56.594998070543184,416.4455511115901,0,0,0,32.23512557662761,0
23.955112626874364,57.09088677527698,417.5934302239765,0,0,1,32.06656884901419,0
24.13252807681419,57.437858945107905,417.1373759368248,1,0,0,87.96039533418418,0
25.22768756937368,56.57108288903166,417.6910692438373,0,0,0,24.3341384013939,0
23.83822143254361,56.96194442163479,415.4046588505114,1,1,0,73.57738909547507,0
23.866738822053723,56.76851360271898,416.7388097611665,1,1,0,20.869475321357566,0
23.337681630869167,56.57263283908644,415.2634886252266,1,0,1,34.33861768416067,0
23.77011573107199,57.19568814037527,421.0523933217458,1,0,1,30.946025500357564,0
23.984417260913105,56.77762159476254,417.2900026457228,0,0,1,18.20479982982912,0
24.3186977301611,57.28038750670041,414.5426397480055,1,1,0,57.46392534073449,0
23.705488916925226,57.59367059666629,420.42341715858026,0,1,1,66.23201353363689,0
22.979713689190945,57.482724417845645,413.5702793188776,1,1,0,80.22755342201891,0
23.819087628713348,56.555497284714356,410.3339133680237,0,1,1,75.43616595385598,0
23.77190474261533,57.27422399111805,417.28192311633666,0,0,0,61.82306712002412,0
24.247950441028355,56.74853438603286,418.7243498248169,0,1,0,39.91856575246082,0
23.138339466819243,57.603456664754646,417.2036434650546,1,1,0,15.117925199706816,0
24.150590563280296,57.31215471217487,417.11641937327414,1,1,1,75.13669500998446,0
23.742411846630574,57.26838373252882,411.64787383100435,0,0,0,35.00557714205379,0
23.835457705021486,56.57414947656399,413.7174455811209,1,1,0,25.034496039574773,0
24.245657682258695,56.98926034971596,417.9904260301109,0,0,0,91.3474232829757,0
24.064780557112126,57.06246934346904,412.69102614026815,0,1,0,89.53538838662882,0
23.69908594933641,57.14708897715148,418.4740858953054,0,1,0,15.231032021062996,0
22.97977574738094,56.92512123525921,413.01105743310245,0,1,0,45.189746480507075,0
24.936981606984396,57.241022985006175,415.93179105360815,1,0,1,8.30818920926939,0
24.748125688652824,55.818953547118326,413.8590895397202,1,0,1,8.709094816216734,0
24.11820014841819,56.42329956642931,416.0893622135518,0,1,0,66.6768423960074,0
24.74281139771275,56.94357812931673,414.0838041991487,0,1,0,30.591505520837202,0
24.53195146903806,57.430004222929256,411.8017321358971,0,1,1,31.46239645449115,0
24.32732368692522,57.15878805763878,414.06789272411044,1,1,1,79.73211509869901,0
24.063289421510373,56.73410869937159,413.91263232640773,1,0,1,79.75511363165698,0
24.31043397317845,56.81611924105501,412.2491450927515,1,1,1,27.191571890659905,0
24.31533445424868,56.9260426490747,414.88824994496423,0,0,0,77.93381501609052,0
24.39994368160047,57.255845520331164,415.91236671132066,1,0,0,4.963869577601687,0
24.053187644598918,57.23415024142401,413.1226233054175,0,0,0,90.62048386706178,0
24.511486117439983,55.913993736952236,408.5056179034153,1,1,0,64.6570733897218,0
23.677771103574287,57.30017610160113,411.1581407834268,0,1,0,5.383314952560003,0
24.5604769816762,56.7217157398015,408.8167288296364,1,0,1,48.02158700587109,0
24.032025170947286,57.04402102765386,410.55525940718127,1,1,0,97.46894271883092,0
23.748039057935035,57.20420545560523,412.4461602805215,0,0,0,11.492638880692263,0
24.449918110393742,56.34010125941402,415.63135812104883,0,1,1,58.27401216483559,0
23.70737552878978,57.202581331028476,413.39034424187844,1,1,1,38.577445196178296,0
23.652854166063502,57.8162267957161,411.55756219952315,1,1,0,65.24633040298559,0
23.90662035436732,57.22275111035687,409.94135290712507,1,0,0,79.52176478255546,0
24.47605917149884,56.736168394178904,413.9559022265331,0,0,1,37.2101286677123,0
23.773678510811813,57.436579098761236,411.20046443183463,0,0,0,63.22039215582589,0
24.136138949415066,56.6203689224007,407.9687483080118,1,0,1,45.9116457796829,0
24.175520721502636,56.822439185038945,412.6992688426224,0,1,0,25.777516199776063,0
22.92469806583794,56.69732855837193,413.2083234638407,0,1,0,23.783107036567262,0
24.51255141181082,57.92377085925328,411.10936149876244,0,1,1,83.99418194983886,0
23.167378180806644,56.53070291748655,410.15293279968483,1,1,1,96.58854808474119,0
24.499619932392655,56.79153837211681,409.21970046506055,1,0,0,36.33955212336155,0
22.398455752174716,57.44919504750204,411.00718754861145,0,1,0,37.95540286026725,0
24.485129569250518,57.93128479502337,408.85809566878356,1,1,0,22.532900864526372,0
25.02798747740001,57.10427203064225,410.49758627383335,0,1,0,86.9846074027183,0
23.739364193422816,57.68680408255311,411.831177060825,0,0,1,83.88942953654028,0
23.750940299837502,57.09249634994614,413.4584299067166,1,0,1,4.315324642183027,0
24.091205214959945,57.166925161115934,412.0733293373302,0,1,1,87.42838338040745,0
23.430219956854636,57.26483170576419,410.1909131612833,0,0,1,15.075100036832401,0
25.315610853333514,56.697656609321534,411.1515253320699,1,0,0,71.9004734060974,0
24.056659517112138,57.494526948248875,407.3415986339532,0,1,1,11.185336320432382,0
23.879782326717972,57.93598988471507,411.01348303368866,1,0,0,34.179633199359586,0
23.61121135903045,56.052440233876624,409.9817453537364,1,0,0,7.901639355656864,0
23.85176625086021,57.53845856181274,408.8388905348296,0,0,0,26.132618840527755,0
23.809527957679606,57.404831007061155,409.8020230842419,1,0,0,90.31459112095251,0
24.10830020006908,57.37294847511744,414.46915764741544,1,1,0,86.08224466963847,0
24.194731184880478,57.0555033495651,411.8489765503709,1,1,1,29.011893578647406,0
23.46009257443677,57.235827991332414,411.14874784068775,0,0,0,40.0303971856763,0
24.265044469978594,57.53437390902425,404.8783302525861,1,1,0,87.35235791030428,0
24.439544139277263,56.348770010495485,404.16499425570333,1,0,0,77.5583173982287,0
24.552669150532484,57.84742544165166,409.24620700743674,1,0,0,6.462016714084329,0
24.627352868678418,57.829853231771246,408.7621044631361,0,0,0,1.621270896650806,0
25.30292199643114,57.59708384298078,409.0599966060145,1,0,1,43.68962427350053,0
24.349321826183406,57.224398899131025,412.2548884026635,1,1,0,61.01385599295577,0
24.247678977473438,57.36174679344039,406.2915341645068,0,1,1,15.792399450435724,0
24.233306410820273,56.61088771414412,402.0748581430476,1,0,0,94.88450167293473,0
24.624894671787384,58.331870270558866,409.4617168165486,0,0,0,92.46751838037149,0
24.170869719948016,57.24143512939075,407.39416352899605,1,1,1,40.74223785751987,0
23.644974585581714,57.41714780563488,406.38896849824573,1,1,1,49.97027945041738,0
24.401725006258886,57.55470012577127,407.9446635081152,1,1,1,41.612883059621666,0
25.083620177909616,57.156145788299476,407.9151175409453,0,1,1,75.50828085008587,0
23.92071851681344,57.20387405685249,405.1832213285796,0,1,1,38.60184360634761,0
24.237024522032645,57.68191697640898,407.87713302561923,1,0,1,82.06240980780444,0
25.349659750941612,57.4184201558067,404.1280357307693,1,1,1,89.88789988662218,0
24.409304684852376,57.47500562742342,406.44564167333215,0,0,0,51.081888129908926,0
25.03331086925531,56.85062963618899,405.99225343124505,1,1,0,31.291333756896933,0
25.184226952916458,57.973513763982645,408.8029465858252,1,0,1,64.86135873193597,0
24.154789629300517,57.64573029976298,406.3759945155954,0,1,1,27.827821664721387,0
24.431388711578613,57.721701840226764,403.2093723239565,1,1,0,93.82599768632993,0
24.722649607539665,57.30728950874977,404.8971413623884,1,1,0,27.623161045867207,0
24.332795530210888,57.64098201836728,399.0971384867543,0,1,1,53.29798721192209,0
25.027034231038673,57.09732853204913,401.53375040214524,0,0,0,54.03574968007272,0
24.507321428171405,56.874778554354094,402.8079408330738,0,1,0,31.142579519232328,0
24.04850589770706,57.88268174250003,405.1201053484775,1,1,0,54.67830839598108,0
24.271958861749493,57.07038660709677,404.5264537171255,1,0,0,68.6975230482262,0
24.485243689558175,57.62365367334276,401.64414296853,0,1,0,6.821298469014603,0
25.581520442851385,57.08383576659282,401.5432957349179,0,1,0,31.427103189196192,0
24.745738455770084,57.04963446642756,402.0033066100253,0,0,0,53.07333995465401,0
25.39224792514714,57.949201385161864,400.69847146151545,1,1,1,91.48254566799467,0
24.898079806112907,58.24920043212323,402.21551287448455,0,0,0,51.506024424626816,0
24.419698358134617,57.505476126029365,401.67614690309955,1,1,1,96.54127647845075,0
25.02568626021029,58.12501018703772,399.6647052108549,0,1,0,41.2719099855382,0
24.514140220405103,58.27208734213968,399.261202404921,0,1,1,32.00500452048224,0
24.69962374404803,58.61041502610767,398.4417564391643,0,0,1,16.785416381619545,0
25.66804096361167,57.06482082716414,399.7982573488606,0,1,1,65.26626099983173,0
24.66586958089946,58.40585624115404,400.1523276078242,0,0,1,44.17042864333198,0
26.148619605430596,58.637159364432854,402.6944254197376,1,1,0,64.5989949359969,0
25.29307088658741,57.08951896503819,399.60173692499757,0,1,0,96.70852524009665,0
24.625712942742457,57.30893313272288,396.8999167882344,0,1,0,2.0679055795497447,0
25.493746023903668,57.18661138085848,398.14546727399426,0,0,1,12.32554608873394,0
25.540707539609343,58.60883688381138,396.77751800575567,1,0,0,42.45024239623808,0
25.288806810527134,57.578445475980644,397.90625274628985,1,1,0,95.94305106397394,0
25.813031448083056,57.680418479611106,394.976685625835,0,0,1,55.032437801452225,0
25.410572191044903,58.12056669114446,401.9265840677722,1,0,0,73.25053390348648,0
24.79330618135281,58.6336933274505,394.54938511544606,0,1,1,99.60101406161931,0
25.66299376587501,57.542729623576385,397.0355114833239,1,1,0,60.79538025548417,0
24.977964176848744,57.03936055473993,399.1960479437094,1,0,0,39.85554133688108,0
24.770059292742253,58.33847203203763,390.9002075218652,1,0,0,62.39938974076895,0
25.131277474048762,57.96052945389155,396.3904229196063,0,0,0,18.958217950972212,0
24.706659964487773,58.269927117678925,400.733667971581,1,0,1,27.220993344796806,0
25.183338382406205,58.71824992315727,399.16228935211603,1,1,0,84.96741978701003,0
25.393079950996174,57.93736156031411,394.7615678575539,0,0,1,49.460934600249786,0
25.82171106612472,57.94818353164832,394.4830033951777,1,1,1,5.876111155113273,0
25.416451153823868,58.092226653800914,395.31207256115164,0,0,1,78.66886020063608,0
25.258039604153492,57.70503931095174,397.6545455581566,1,0,0,43.01635595289229,0
24.741104541974693,57.929293702974135,395.8740732238277,0,1,1,62.99769969677885,0
24.415988710737853,57.54319771070631,394.55320226925585,0,0,0,72.86769199607433,0
24.763361955234725,58.62405397814325,397.0491389815812,1,0,1,11.850564626128179,0
25.299891809762247,57.691199292752124,399.4400618216968,1,1,0,50.79492895152493,0
25.694936201158452,58.18562569120789,391.73021220642687,1,0,1,20.67218719943389,0
24.539725589182122,57.65897317202604,399.12925498366656,0,1,0,9.692325694990878,0
26.07005217950127,58.187262780127206,394.10590651551155,1,0,1,7.106601292316772,0
26.183585743843825,58.153715051132835,398.10641034595614,0,1,0,65.77809844487338,0
25.181964329746656,58.77815813000062,392.5227018176986,1,1,0,18.24274709053231,0
24.848382039871996,57.60622770290838,393.95811437006194,1,0,0,99.30333875972029,0
25.392475025228375,58.708093341911756,397.0618296199622,0,1,1,17.38216833258529,0
26.450336637951004,57.73152528357158,396.1026802534375,0,1,1,7.815376387312256,0
25.65409101863249,57.87324001973875,398.4269907482572,1,0,0,9.880758508180277,0
25.689034941901017,57.732424883193254,395.272864025972,0,0,1,51.50955891648133,0
25.844155868332898,57.941326649072124,393.07649180896266,0,0,0,50.96715611258524,0
25.056946692135416,59.061648609613364,394.02587741545756,0,0,0,11.995708893052292,0
25.614053296821577,57.75299896619716,397.46150007694393,1,0,0,8.259450667398315,0
25.45258890222831,57.172640690416834,395.75297980519935,1,1,0,93.73562759334526,0
25.844693694527294,58.578802037170384,393.50024297830004,0,1,0,54.5387299082187,0
25.856146684348385,56.85344785648234,395.24762936990214,0,0,1,84.72808132174066,0
26.613464142119554,58.21861543594526,393.7723308667295,1,0,0,62.943007359853034,0
24.844304694669923,58.21698341403172,388.41273452258235,1,1,1,15.870157379234895,0
24.564448961914383,57.97065398865034,392.21484006585536,0,0,1,93.32440505183818,0
26.132058198429554,58.081873917467725,393.61438816275785,1,0,0,38.100956573091196,0
26.66503614761929,58.54583080459562,390.0562815444017,0,0,1,1.5713719541162852,0
25.768510607280298,58.94844626112573,395.1589037471446,0,0,0,43.27239984064715,0
25.522972492097608,57.37871066096567,390.93880943388643,1,0,1,23.67214785164762,0
25.534619693401147,58.29619731136745,392.44516837327063,0,1,1,54.31522356079432,0
26.01688519046627,58.85235506674594,396.56758199190045,1,0,1,2.731688826353418,0
25.728375321917643,58.11671944542339,394.13536389788413,1,1,1,28.222107261950224,0
25.85015003317378,57.51089589440014,388.7328844558866,0,1,0,21.550851877726817,0
25.064641559417236,58.28249791533365,391.12506626857055,0,0,0,21.91884379846639,0
26.175146793630798,58.90531487782327,390.92660260144686,0,1,0,46.7427605265893,0
25.51747160978422,59.364791222426184,392.78962068481667,0,0,1,99.95786933810894,0
26.260981003068057,58.31922918743853,387.42451690079287,1,1,1,0.7758748796661497,0
25.578478346216194,58.84772025763005,392.65367379308174,0,0,1,8.218918730792124,0
26.46684492972545,59.171689056080716,388.399210226824,0,0,1,24.934150139928025,0
26.212108403159682,58.309183328734434,388.2261381256038,1,0,0,2.4386862799025355,0
24.721871745278996,58.43465906066964,389.0403286979972,1,1,0,90.53153695668776,0
25.725078188827066,58.700767038733,388.49951189503196,0,0,1,95.59756774932808,0
24.950309260466973,58.62839629759384,389.7167176555215,0,0,1,9.38546659994759,0
25.575532598458782,58.25229422553399,384.9976044519728,0,1,1,31.395679532524102,0
25.498173801317826,58.80627183321001,387.32256784275273,1,1,1,23.480019077345915,0
26.060442583256535,58.095494648246,388.25128318418945,0,1,1,91.17612930058274,0
26.238282799155265,58.66778054198345,389.20066000593806,0,1,0,0.8779875516591207,0
25.852170946697775,57.932151136847615,385.8553025594627,1,0,0,9.318423679420562,0
25.404390826701743,59.30140792556878,391.31046979075285,1,1,0,96.91415939424833,0
25.93660519143389,58.45713873097649,389.61509679707495,1,1,0,55.058252574093615,0
25.716162963434083,58.44955374656492,387.8215439959603,1,1,0,64.62798671762013,0
26.01444354472581,58.60347573928977,391.1502818488148,0,0,0,36.440001143508724,0
25.267871242726667,57.53032687190154,384.9947819808983,1,1,1,73.8496959782855,0
25.189494310083994,59.22878367933968,387.5417975586293,0,1,1,35.96834649349571,0
25.64183838224874,58.86001398624944,385.0237091056144,0,1,0,4.148007000191889,0
26.21290382781507,58.592009770388266,383.5069385374472,1,1,0,58.349589863655396,0
25.84957557532678,57.95103108991866,382.8558216160661,0,1,1,92.59837207169198,0
26.000686884093213,58.41471797686542,388.0316676581052,0,0,0,60.43219238795062,0
25.743699756842297,58.20445023565674,383.3157683756588,0,0,0,84.4183716749965,0
25.24734748601352,59.4032081822217,386.7040558108913,0,1,0,97.58038718626526,0
26.136370034730984,58.88726015480013,382.2081245730844,0,1,0,4.506189656616499,0
26.212404614481088,58.8325937047223,386.63740350460586,0,0,0,86.99311173990013,0
25.7728648403978,58.84869880075876,388.4793752828455,0,1,1,59.65089173962497,0
25.88333584577569,58.31495030027164,385.9333022146041,0,0,0,90.21921835965873,0
26.37894166596877,58.7804706035185,387.42710064013085,1,1,0,66.707217680731,0
25.948016990783493,58.30063823463581,384.41204785073654,1,1,1,44.201999239591984,0
26.349332555421608,59.04893031109027,385.199161095952,0,1,0,15.949229490702145,0
25.893343397777574,58.86499016152337,383.51647863293795,1,1,1,34.03847158850033,0
26.028385881553472,58.78392625582765,383.935055304244,1,1,1,95.43574427309824,0
25.44024580485129,59.44538578295359,384.90997590356807,1,1,1,33.21779205938481,0
26.03499300802872,58.638045777486404,382.07044870590914,1,0,0,16.961164537136696,0
26.061683537494588,59.64828657314722,379.46701402138814,1,1,1,13.960952302468677,0
25.500436941791776,58.61132667453022,385.07493680379423,1,0,0,76.93856213757635,0
26.379591083022657,58.9806931856958,386.7703537370722,0,0,1,13.107010793806728,0
25.183489805007692,59.1364536158462,382.2881362759059,0,0,1,49.7591261030983,0
26.78127379015288,58.31421410296233,386.9135698368983,1,1,1,23.286170854233234,0
25.719207220766005,58.69635772352072,385.6696003950898,1,1,0,80.64955317769818,0
25.706767771845836,58.32769780534959,384.35241239001215,0,0,0,95.92516174191546,0
26.059068098689362,58.04905855813793,383.1234913016464,0,1,1,19.720192683070337,0
25.670921689292705,59.19764956821943,383.1885387152381,1,0,0,58.97357505490687,0
26.690839579222835,58.70781396507334,382.64592033424253,1,1,0,29.04814499989028,0
25.247397357352863,59.158164687579514,384.65653798523545,0,0,0,45.23528999131634,0
25.650270185070273,58.61017195340526,385.1844140469952,1,0,0,79.04486467002945,0
25.71031408134356,58.94205507175205,383.73658265339265,1,0,1,87.00965612722304,0
25.808400766804063,58.87244566595525,383.1905520692325,0,1,1,91.75026500085778,0
26.322855886083076,58.83033774190599,382.64174321439236,0,1,1,85.88646879114748,0
25.618873569201998,59.60409396079966,385.2215593800751,1,1,1,78.7055279646534,0
26.75604944984179,59.86637088096682,378.22815110849524,0,1,1,81.57236474562688,0
25.518778291770417,58.55266034810764,381.20201812320016,1,1,0,91.0355786351446,0
26.33558909192165,59.158147962450165,385.33935343631885,0,1,1,19.703084516267854,0
25.30281920848295,58.62979538431577,382.6026228047197,0,0,1,52.12811031497668,0
25.25446978384425,59.86591277536115,379.9846885497308,1,0,0,15.156108306580085,0
25.97745868724545,59.093944818082065,384.1153161210708,0,0,1,26.898361147807748,0
25.17086747209491,58.37096654037219,381.2863235434582,1,0,0,53.477489351073814,0
25.935609833796068,59.08867964102219,383.9386354839515,0,0,0,68.10759620809056,0
26.26563475994473,59.12824748877028,383.4641691681159,1,1,1,67.56629606870452,0
26.096812460073213,58.80548395930337,386.9939276230904,0,0,0,50.55246855086624,0
26.30734026288166,58.63325127711809,382.00885646829806,0,0,0,11.714167853144863,0
25.89069137663265,58.76242735910962,381.6883703587823,1,0,1,3.796847890824062,0
25.844177803396775,59.12850199079283,382.30715265482127,1,0,1,41.42449235742388,0
25.28555417987202,59.52239612452221,376.50123545681544,1,1,1,1.3363973827610898,0
25.030627454852684,58.536349378264134,382.636512410203,0,0,0,25.532571122366686,0
24.823017722639705,58.56691616886789,377.5292103415512,1,0,1,62.72555700486892,0
25.240736733163537,59.29466375699017,378.4706299345274,0,1,1,77.32441887069176,0
25.6622660312269,58.93810884846831,383.2449670711769,0,1,0,69.35281043738448,0
25.808184441437263,58.83602530520626,382.3167906468084,1,0,0,30.740271422454267,0
25.350968591416958,58.28092181183219,382.3550048610206,0,1,1,93.12051596317502,0
25.68546757174542,58.715528843467396,382.00958030092886,1,0,1,63.53061823198679,0
24.847965591732137,59.44110917430299,386.6607226094008,0,1,0,88.6198243969319,0
25.692533793996343,58.632171073981965,382.5860847713532,1,0,0,62.75857736729367,0
25.431918364602833,59.247515230426,380.2732303071959,1,1,0,21.78667245161766,0
25.250723351988484,58.77296829778429,382.96837457699434,0,1,0,13.01020792521106,0
25.327076727930276,59.06230207158283,376.1131264949125,1,0,0,95.93083757996101,0
25.788908106898194,59.42023987828788,378.77012481012196,1,1,0,8.040643630226828,0
25.27317244845511,58.62123221246882,381.5600493946929,1,0,0,62.754582402433314,0
25.45593079171551,58.75056506650443,381.18339159697234,0,1,1,41.23724146122915,0
26.45173387020379,58.8589063753762,381.1305769919996,0,0,0,84.0062515011526,0
25.003982449646628,58.743778140567684,380.7965288869048,0,0,1,94.52855120659828,0
26.00911521443084,59.32555187129169,385.4607555852341,0,0,1,71.05108834748636,0
25.22998340965553,59.88603014959913,380.0824358501851,1,0,0,39.903084952560185,0
25.076033799935438,58.6409590418712,380.6231636277873,0,0,1,84.00906296316967,0
24.75165406409738,58.592871848834726,381.6841785720129,0,0,1,81.33917928738668,0
25.00506954509203,58.79613087152284,379.2333034966709,0,1,0,87.88657953298402,0
25.24772135038057,60.28715653940726,383.06332815493,1,0,1,23.993771018920384,0
25.032339281725054,58.43518783259622,384.8579019555523,1,1,0,57.996126321542306,0
25.052605674127786,58.75733520679889,377.7946369413184,0,0,0,13.729189954984411,0
25.392157138908303,58.66546063501571,379.6854920080646,0,1,1,70.03936111493341,0
25.283909854307275,58.62364644009735,381.5695752618979,1,0,1,89.88596466994045,0
25.77570325675968,58.57163678485493,385.8141427823716,0,0,1,81.86577076165219,0
25.30347907329526,58.86036506612891,380.72525146201775,1,1,0,39.352054698136854,0
25.021788057481285,58.37379565377404,377.16747852609404,1,0,0,54.39506227970028,0
25.306527849226256,58.40282154072817,379.0730472793822,1,0,1,79.00595537322256,0
25.052020022680246,58.82903480886389,382.28155806260395,0,1,1,84.73063533608173,0
24.69860263048863,59.000575764661036,377.788959526216,0,1,0,41.315671294891196,0
24.53357160631876,59.095451412887876,379.7725205765266,0,1,0,72.54946465905574,0
24.793114976245853,58.980294001462276,382.62211438991034,1,0,0,53.170728603712526,0
25.143382334576597,59.20801461861911,382.2721641846411,1,0,1,30.869225560003233,0
25.08280865010495,59.244421454715216,377.53779312148754,0,1,0,73.51068210349429,0
24.894227370919804,59.54731907398497,382.55245144230616,0,1,1,3.473264109505836,0
24.985407088407975,59.1728147294784,377.6672131969398,0,1,0,68.91687003893007,0
26.282031534651168,58.09823034060747,380.2394466137983,0,1,0,34.40725250363618,0
24.640279442905772,58.939844848440494,378.64069086604087,1,1,1,92.32663343027781,0
25.44929021162857,58.755960636339,380.39983734672165,0,1,0,97.36585763915512,0
24.81341477067322,58.891140954580735,384.7390651131233,0,1,0,1.0778254341570315,0
25.325492458797136,59.02531769011254,383.11049606453224,1,0,1,75.90491529271522,0
24.33776103196926,59.24877229606525,379.1471558908705,1,0,1,0.8803099402070691,0
25.117164614518547,59.22667661267756,381.0968130441779,0,0,0,22.20839793831856,0
24.771346928978044,59.20863845822684,379.62538395006715,1,0,0,40.02086910709578,0
25.128625461942736,58.81587110907348,382.1039614424463,0,1,0,31.87929269468143,0
24.61306068525382,59.30212049597194,382.4440324676571,1,0,1,42.099005253751685,0
24.75397309205171,58.34565328297645,373.4935611244738,1,1,0,13.346427040782293,0
24.6652449916239,58.95240027909617,378.4943986484739,0,0,1,79.90342518542951,0
24.77616585662497,58.04787537071583,376.35844387586246,1,1,1,86.66875000270167,0
24.306137966741353,58.46537048432931,382.73675735248264,1,1,0,83.14082700444663,0
24.867340138706602,58.76433606136346,383.8750123522592,1,1,0,78.24401570191178,0
24.076590047886924,59.59073402213389,376.2500724508232,1,1,1,81.568164232037,0
24.234707632992595,58.365799189455885,379.7932362511844,0,0,1,39.05277400857806,0
24.448934652056842,58.67013394940572,377.8001532301146,1,0,1,39.76427405060442,0
23.985709196547717,58.8637907975124,383.2949210756567,0,1,0,3.051408502317654,0
24.749526958005934,58.939107077452505,384.82168515440753,0,1,0,15.803464814447455,0
24.917570902400723,58.81328490526409,384.82088473005666,1,0,0,82.94751733006579,0
24.496717679082547,59.48305561955985,380.37087448109816,0,1,1,65.41035163887959,0
24.46094453923381,59.656259984315675,379.1222327133672,1,1,0,37.38105729899735,0
23.70133775052569,58.473254339036785,382.04986729999365,0,1,0,72.95426233439089,0
24.19939652057431,58.91539974649388,384.8789900507894,1,1,0,70.56160743740912,0
24.851655645452766,58.66766043703821,377.99954999102783,0,1,1,86.91486446207702,0
24.879265244650576,58.600416274616784,380.37765119652374,0,0,1,20.19233631433054,0
24.315516997697586,59.023268038728624,384.06894216149084,0,1,1,62.350945650825565,0
24.95487466168025,58.979041803835564,375.5052039225758,0,1,1,84.93246615737485,0
24.567962863002215,59.3234867214559,384.2698517212212,0,1,0,24.349594910691476,0
24.174915262351405,58.51173208728592,381.11937466397677,0,1,0,7.630383778083793,0
24.45387421859211,58.544377211251984,378.89452756478005,0,0,0,48.61235142374797,0
25.470361955572386,59.248048410459354,380.62461683731,1,1,0,29.85075666418223,0
25.36174675081846,57.9338219824743,383.25248985714285,0,1,1,30.555603385777207,0
24.40812303283801,58.55345250680486,384.30898343045294,1,1,1,3.212212297096617,0
24.97919630101185,58.473779099227016,382.982277578875,1,1,0,54.574205403784326,0
24.132569855371113,58.55995541417418,379.5314637564815,1,1,1,65.75168077427563,0
24.28580421187501,58.65257262558234,380.2989192689915,1,0,1,70.79587241806561,0
24.57177518330443,58.09728842941071,381.4046175102559,1,0,1,38.97506823471243,0
23.67529733969118,59.6713230113595,383.8556375807467,0,1,1,17.95623645374186,0
24.93671426318434,58.93972015101423,383.4581968752975,0,0,1,33.62041069602212,0
24.97970466362243,58.47192131850761,303.7255822248677,0,1,1,64.30631917149884,2
23.953168786298164,57.29688906473723,258.9664442476161,1,0,1,89.80106550543236,2
23.92425389233085,61.17615461354144,276.97027121617697,1,1,1,6.28763999782902,2
24.25663720048809,57.35460152918088,256.1063474748694,0,0,1,80.13860176284076,2
24.958023640747193,57.21545977449848,259.67636900973247,0,1,0,98.99332344853265,2
23.291085162998936,53.33921630131272,282.5301712915914,0,0,0,12.866017298042287,2
23.941345894239667,59.70354033535723,290.38536355208515,0,1,0,80.38122284037938,2
24.404686516958847,61.136512633705976,255.31182349588207,1,0,0,28.923158133074867,2
23.19908630671147,59.96652894999407,244.0571559069875,1,1,0,55.14217680624358,2
24.025708951395377,64.07674625585543,267.74472615350646,1,1,0,68.65945071291016,2
24.651487062642744,53.52412301724211,244.7329725329078,1,0,1,40.01938106789258,2
23.31104586804407,62.47009326117332,251.6754137625185,0,0,0,75.80315026842234,2
23.543174405662665,57.57408102979649,234.43791071703822,0,1,0,86.67741711337669,2
23.877582561516327,62.23528508855592,278.771572397497,0,0,0,91.34080619001566,2
23.061773721624867,60.04334964938922,295.9581042352046,1,0,1,27.275842416684192,2
24.889156140533967,56.8681631234753,273.79825986588645,1,0,0,26.287876920204955,2
23.937326300246976,58.175769465689214,233.96278188333807,1,0,0,95.74605492914961,2
24.166434762329736,56.80434244140807,252.14285348325248,0,1,0,93.83674364835683,2
23.666525165396106,56.92603986197816,247.8561545456982,1,0,1,91.15325496287838,2
23.613172092253848,62.54143832806932,268.96202694276445,1,1,0,58.505124304727794,2
24.17588830249729,55.33749039429078,289.23278420736483,0,1,1,19.84164475449982,2
24.579374238233616,56.650871881942756,265.14293087941127,0,0,1,30.250704142308916,2
23.836417975612914,55.82464166493654,255.18489265806807,1,0,0,86.80080714344449,2
24.32676510507264,54.025399691003095,271.05815686443333,0,1,0,94.89067042586562,2
24.021452251481726,62.41754542472936,279.68830863578864,0,1,1,60.884445386701145,2
23.791642574502912,63.04843201898299,304.1584442684061,1,1,0,83.91256605016363,2
24.063875693679194,56.32473431917455,243.3409341636123,1,0,1,33.852486053169365,2
23.476073293008277,59.09112957866964,246.1939018217997,0,0,0,3.807958205793549,2
24.315324123971333,57.281246273113254,244.11601398607735,0,0,1,97.86365255835364,2
24.55537729848908,56.097689524987516,267.9705275040902,1,0,1,84.18561919612377,2
24.41137633243663,60.11547872022962,298.4517145460083,1,1,1,92.47730373222151,2
23.867242966106772,56.63980810685937,272.4390482558177,0,1,1,91.05231271587587,2
23.977179690667764,62.92490885336428,282.50671323755523,1,0,1,24.257696158632836,2
24.762601990097313,61.64408486347234,233.73194404757083,0,1,0,7.381769734002031,2
23.958441904734364,56.13185926472468,245.80385993069973,0,0,1,5.351134133509494,2
23.305962358363953,61.281061067262854,276.8977570622444,1,1,0,19.40008260713746,2
24.224436367392066,58.331666139864254,244.50977460283642,0,0,1,82.32237385771806,2
24.73946786483462,62.438444105278414,251.05206522173873,0,1,1,68.54445140427393,2
24.106123203220925,58.57086202482654,304.1924462804006,0,0,0,83.87735532837858,2
24.644853721176155,58.63842539019515,245.71343633880429,1,1,1,5.726749973557988,2
24.195663541458845,55.526155222801236,237.1406316300865,1,1,0,26.690821461959757,2
24.824627531555954,57.124667417319834,237.12449630215096,1,1,0,83.00197345714155,2
24.00542359680091,56.89821463322476,293.32816625508565,0,0,1,77.43000672787365,2
24.518538759925544,52.80339691772583,287.68307158658104,1,0,1,12.72540794303546,2
24.14172199274459,56.02349179064162,279.40663052176865,0,1,0,61.16741167806783,2
23.73507694689818,54.66731492880329,304.86959249719223,1,0,1,48.33416996432802,2
24.127123166823292,60.88979892825641,284.46974061524224,1,1,1,99.80220115487253,2
24.669344642309234,56.70078250362956,276.75619899031824,1,0,0,78.14804520747278,2
23.611122631219843,53.66579672019542,273.8918514949825,0,0,0,31.424344743098032,2
23.886180963196196,58.65337744160442,247.64014318838218,1,0,0,23.425371365281535,2
24.679017789096577,57.04682578899809,259.36794520618696,1,1,0,77.28444702546906,2
23.809485034092297,56.64478864339227,275.2093481608476,1,0,1,36.87219037052717,2
23.520893100577798,52.68276207410391,278.8162797226103,1,0,1,37.11798051170398,2
24.090467264519123,57.49847823589943,265.2938928863826,0,1,0,73.31717000096187,2
24.211513737287703,58.67571110763379,255.18849703620307,1,1,1,36.86493436847594,2
24.141405522889674,57.24495401985137,257.76057359539493,0,1,1,90.14402287389784,2
23.418780720282957,58.918446950210715,253.90716528154664,0,1,0,31.719913328166392,2
23.652559662341556,57.590632674859876,247.1519864806267,1,0,1,41.834183234421594,2
24.224904933045437,57.97050634195591,292.35600877780587,0,0,1,98.88411253577533,2
23.981265323867856,59.12351377405663,279.5470220811139,1,1,0,28.27073970091899,2
24.48529684484698,58.559122277080455,287.01196466492934,0,0,1,60.76253011353246,2
24.11279237374241,57.31065671116714,234.39368689094545,1,1,1,29.177916848470076,2
24.431468486235836,54.95699644103257,250.79828775995375,1,1,1,59.313314572614395,2
24.184188809489186,57.8842138617775,250.70939934330076,0,0,0,9.070107176170605,2
23.445412645041934,57.44277999020027,251.66533789659852,1,1,0,10.93453224846076,2
24.850943697208436,55.823658819507656,282.89748322577987,0,1,1,30.95267002869194,2
23.661519406591463,61.17094994665721,280.8812959143265,0,1,0,34.46316127847283,2
23.863642295947237,51.91085916667806,276.91545583554984,0,0,1,12.006104184643185,2
23.852136976255746,53.716386654367106,298.4788641623402,1,0,0,78.88938742938842,2
25.70536184795337,61.699570964215134,289.20639200844334,1,1,0,11.224125450709831,2
23.874173736944304,63.035224666496404,276.1453382570289,1,0,0,3.68319431979367,2
23.05495693090088,57.17295698425454,253.51409354203847,1,0,1,3.9038695129921863,2
25.029574784254812,56.639458640686115,288.55295703382967,0,1,1,78.55473766485326,2
24.269252145365527,55.5073829429083,260.21535872156375,0,0,1,26.52248514888583,2
24.193649343527213,53.316950638748146,284.47758608206027,1,1,0,53.60563006920685,2
23.838456047179903,59.145058645931876,255.8617324041336,0,0,0,1.4204864763866287,2
24.045151449108445,58.0881052045847,311.63977756899254,0,0,0,8.38003556132244,2
24.71519280722112,60.223696763506695,258.1785480691985,1,0,0,98.89745564684745,2
24.52013006360396,58.114478312555306,242.3664248931418,1,0,0,98.57574749888349,2
24.898624637917415,60.71365855057077,299.5966697719986,0,0,0,82.92348183275237,2
23.953164236955832,55.78431877791811,273.8531263769176,0,1,1,61.093559852704125,2
24.17032507965554,56.452798972199666,293.1732104785025,1,0,0,26.9896766183605,2
24.221414614343075,60.38896426008824,259.5750030317212,1,0,0,49.02138554242611,2
24.561217414123142,57.01953949367246,264.5391659339333,0,0,0,84.846570896269,2
24.49805998435347,56.32186004368921,308.92446467067043,0,1,0,23.093097876781144,2
25.279001450495265,55.35965016786719,299.71107959480725,1,0,0,15.925655672018424,2
24.120568552930905,59.35304058373213,240.33830418206713,1,1,1,77.09620621739354,2
25.455603079947586,56.34105889699616,238.12834883333875,1,0,0,10.837565339018484,2
23.729924395349734,57.07376170200516,259.26434430950343,1,0,1,11.169442360706805,2
23.70850810164052,53.19305997471312,286.91363367070016,1,0,1,50.099658016581635,2
26.863977966988802,51.61086161303387,367.3291662250519,1,0,1,76.4829069043182,2
26.78259245453285,48.85760552734641,412.3572562930963,1,1,1,35.301671775386644,2
28.480364153037304,42.01626362838299,389.25103190841537,1,1,1,95.54906736142506,2
27.854432323770215,50.69854397226202,448.8261424767906,1,1,0,25.15618539529291,2
27.810164391339192,46.95619825083189,378.6793588300192,1,1,1,62.3832926298322,2
28.01468492430982,44.58479884694261,373.69712150748575,0,0,1,47.332931730894366,2
27.00534004623357,50.92886047777972,373.4208365597984,1,1,1,74.39095325843032,2
27.964172288284722,51.536279615470896,362.90198233127364,0,1,1,47.48632618759603,2
28.05558373711147,43.67381032938468,359.3337091692915,1,0,1,87.98736192779458,2
27.609704187199167,49.84354547741282,369.83265607972936,1,1,0,77.41895148203307,2
27.739941253217566,45.09833049704635,417.515017811941,1,0,0,10.76646650598041,2
27.453084243231274,44.9204834724987,450.71649365960764,0,0,1,25.689339682239765,2
27.88197716514809,46.039728818061185,444.6665872657841,0,0,1,34.78613656369536,2
27.880292176897374,48.101347962496654,444.9142458160179,1,0,1,28.043061607551067,2
26.931968825476034,43.512782552453224,416.06163319128433,0,0,0,25.703469087881437,2
27.73309519355688,43.2923221291907,402.22707239357817,1,1,0,53.4507784514948,2
28.0515546435531,47.00854275385814,368.23841688051243,1,0,1,88.25530078950605,2
27.785545201577428,43.566153685807414,428.3122190769933,1,0,0,38.13470741255438,2
27.94294796763887,47.62652782687838,408.05333777270755,0,0,0,77.14098943367107,2
28.719245714054356,50.77002849544485,471.46404292909847,1,0,0,6.333522672132263,2
27.49176551076759,46.52985750438463,598.2181708901356,1,0,0,28.1482052995799,0
27.8447139359684,47.17394848570485,594.0795792892812,0,1,0,33.25233804447109,0
26.911555061196026,47.37460965944396,596.9735943315488,1,0,0,67.28079439198414,0
27.95133560784724,47.025548937351985,595.8773532966733,0,0,0,30.60264635254889,0
27.582071236849874,46.51782693327868,600.6762312498472,1,0,0,64.01426733621251,0
27.982431603290546,46.772906573064894,596.5580766551748,0,1,1,17.69541519200224,0
28.16706793543594,47.65538400222902,601.3275194382331,0,1,1,24.467405940941422,0
27.888092995659697,47.63888082247474,598.950857993477,1,0,0,82.98650422005669,0
27.139923878407668,47.20716162462492,600.6514945161841,1,0,1,90.34269458725133,0
27.59354104845719,46.86413567420082,598.1829567138956,0,1,0,57.11250242926398,0
28.61960510099494,46.61728666844605,597.3226940117944,1,1,0,16.114573132590937,0
28.44084270357314,46.93260184436669,603.7677639131475,0,1,1,7.009704632463299,0
28.52172133799252,46.35891740410008,603.890382514211,1,0,1,42.967683309964485,0
28.216140261105107,47.03858189980171,599.9957207909438,0,1,0,42.87851593314538,0
28.655541152517177,47.38777087120562,602.3914404445484,1,0,0,36.27842147238604,0
28.134609549592028,47.228777528459005,601.1899239338584,1,1,1,93.16529428585228,0
27.881788198276276,47.50184806256133,605.6394718363703,0,1,1,83.03957099085818,0
27.45909827175108,47.44770029828027,599.8770625036872,0,0,1,93.57250152432016,0
27.9019156226741,45.95849805611704,596.1421170359314,0,0,0,35.374093037447366,0
27.975909310075902,46.817559484290946,604.0296272784143,0,0,1,84.85267044490568,0
27.460897663764214,47.404341968651806,603.1681753572891,0,0,0,33.62814656198676,0
27.82609287000365,46.90150403414421,603.7394032348917,0,1,0,27.656379139987074,0
27.56741043947463,46.97330492550776,602.4949479917503,1,1,1,0.6087419481769052,0
27.980618856128025,47.0011106051678,604.2249666955424,0,1,0,89.10729236913485,0
28.37894050934068,46.284511120350444,599.7015862240024,1,1,1,51.92579878738949,0
28.679727537682215,48.01657288833911,605.2324211898078,1,1,1,47.9600898915042,0
28.756774926750996,46.39094549079213,604.4219822405341,0,0,0,39.09439647512107,0
28.46576505773889,46.23879628260207,603.3060386705353,1,1,1,70.75674147381386,0
28.714165303607235,47.86016073572744,602.8659161531175,0,1,1,51.748268915513364,0
28.658686577703364,47.439489376205216,606.29993183119,0,0,1,16.182088858863764,0
28.229357179386344,46.64669019696278,605.0372711944905,0,1,0,69.51586805516496,0
29.06692502460081,46.887491865708256,601.6841904477909,0,0,1,79.41998125319985,0
28.2747516696285,46.37022648219216,603.0099422074635,0,1,1,19.808636209801712,0
28.042798649777072,47.81229952169934,604.5902533348925,1,0,1,68.41121058069193,0
28.567992794584693,46.549087598522014,602.2792355212471,1,1,1,22.24029496936061,0
27.801627144971615,46.82410206931758,609.4108349093447,1,0,1,96.91938298829324,0
28.601011505567932,47.52820454246894,603.0247236314805,1,1,0,27.46197241928178,0
28.816928381899125,47.075946007291165,609.8001551891268,1,1,0,95.26061505024221,0
30.096789278321527,45.999576427086275,603.6605868494948,1,1,1,88.89741018996735,0
28.656164676680884,47.15261463868474,602.9827910910994,1,0,1,54.79782954979328,0
28.574064475649955,47.200225016762644,604.1367143523182,0,1,0,5.132606860135935,0
29.145720864520513,46.409262543315435,604.3443691668818,0,0,1,15.192753931578906,0
29.02060111248294,46.94542897184123,607.6158845188098,0,0,0,36.58666405677822,0
29.08410078961184,47.35602219856974,603.4050841429752,1,0,0,16.832517421593607,0
28.357333898107793,47.226453351294715,607.9983506091877,0,1,1,84.61942734393526,0
28.527310497366997,47.60808395311406,609.8366731926762,1,1,0,69.43564979518567,0
28.945811093053717,47.07253315877784,608.2775004836046,1,1,0,95.80613831681117,0
28.373866401083927,46.838800350519364,609.5379940742816,0,0,1,12.762713374297219,0
29.024148744412784,47.84904504333795,609.2087158344843,0,0,1,74.9490946410758,0
29.279799989945833,46.61555304197418,606.2979867344092,1,1,0,74.04469538331256,0
29.066008679431587,46.98975400544834,605.1990732607962,1,0,1,76.63586060618726,0
28.802169220949395,47.19790179397512,609.458154495261,0,0,0,81.58563189979262,0
29.062009785116988,47.041917529269426,607.0717786414504,0,0,1,4.397730879558193,0
28.526755676828827,46.54241468615457,604.9253906477999,1,1,1,50.679677118967994,0
28.495528679526924,47.405122494546205,614.7949475382726,1,0,0,3.2317696502656923,0
28.888913149021707,47.141082130358484,612.2262075642549,0,1,0,38.695433425554626,0
28.542545914887043,46.842157756509096,612.0844990167968,1,0,0,44.21280696439136,0
29.09586010032038,46.985710828894995,610.173785160044,1,1,0,23.281953579751058,0
28.20086183495508,47.566871239009366,605.6565212164613,0,1,1,16.246256223259103,0
28.55478739461913,46.656411612773006,609.1913560088401,1,0,1,55.134084333780024,0
29.14886399724123,46.872738167971335,613.2066008590867,0,0,1,32.48715288794968,0
28.8888906172996,46.6308799463439,607.5215547836367,0,1,1,89.70890904917465,0
28.642134314440895,46.664878822147394,610.1199457558872,0,1,0,98.59364858707363,0
29.078263046931216,47.1093967658639,610.9551664249808,0,0,1,24.706311048330942,0
28.52088851122416,48.18971680142614,611.5601504908523,1,1,1,26.5600120121822,0
28.87653663707615,48.389276101744464,613.7279001098335,1,1,0,84.37661116818383,0
29.11906653840295,47.092657835735984,612.5578104826773,1,1,0,57.80586105888893,0
28.149379741572538,46.81258770450265,608.7415915082582,0,0,1,7.562341250047055,0
28.32201651313547,46.300604475902844,609.6194317425675,0,1,0,35.91120060734222,0
29.03901025576337,46.92600572624358,615.2732837723592,1,1,1,25.537741726526097,0
29.382546173342995,47.43702715922211,611.987149138406,1,1,0,25.91527056377487,0
28.69158076880939,47.04588771190977,610.1810948459811,0,1,1,28.547039444670418,0
29.794374119299153,48.50143718632098,615.3592653975813,1,1,0,79.78171031683343,0
28.149904633839935,47.40150224330736,615.8115623359955,1,0,0,78.24214665124718,0
29.067147171496682,46.33425567729541,617.5340396837285,1,0,0,61.73365489027307,0
29.022352449540033,46.487502401575675,606.6628715012233,0,1,1,80.85492083679407,0
28.641259089818018,46.60855674548576,613.2011910462041,0,1,1,66.79905925352438,0
29.067948771733505,47.795628055306565,610.2510998199156,1,1,0,70.6516592675053,0
28.191229301750113,46.8420300942645,610.9206843450847,0,1,0,34.76090679541822,0
29.439142392753414,46.83980536699953,606.8484713103431,1,1,1,30.10209270030223,0
28.298449277758106,46.251981430170986,611.9377823520317,0,1,1,84.62978914635995,0
29.422886281686264,47.46467596507286,611.1957651388662,1,1,1,68.73783502237781,0
29.538844209744543,46.91182742207301,610.9697837333265,0,0,0,83.49020212953235,0
28.352541503778287,47.28338076776373,614.9444865083539,0,1,0,64.10516937755456,0
27.892263797477668,47.03373993422559,615.4056325783175,1,1,1,16.40844152467501,0
30.057988078165756,47.37263060968395,610.6388154889275,0,0,0,78.14722125415966,0
28.504042507416003,47.22399076782925,615.3087925524145,1,0,0,18.148821915358347,0
29.220701053994603,47.748138743989536,610.7464179548637,0,1,0,66.47855419454314,0
29.790680902972888,46.89756091238631,611.1462929685016,0,0,1,80.4467045658136,0
29.783571551394896,47.06216387210764,612.1912337813758,0,0,1,14.526979693645215,0
28.518068997359382,47.227697714643114,615.3281234782236,1,1,0,39.29679014788762,0
28.73982499196919,47.00317978484409,613.8243252004504,0,1,1,16.78010623417269,0
28.709479324431378,46.68514531610648,615.7287252636414,0,1,1,70.78503100594688,0
28.51722930545579,47.21463464203272,619.1420658013342,0,0,0,13.793772288984185,0
28.64831014706922,46.76726031204946,614.8246376422842,0,1,0,57.56048224876849,0
28.614864968416775,47.58431327578581,616.7361459249935,1,0,0,76.84263176584828,0
27.77225795422839,47.606821429279826,618.9050116007858,1,1,0,94.63341859819282,0
28.938992210960592,47.50728653395183,610.9835733326959,0,1,0,70.22316452467405,0
28.04829035600905,47.427049355778365,616.5477134141265,0,1,1,49.51195728286002,0
28.318295465063724,47.04013918938987,617.3928247136525,0,0,1,28.433200732511565,0
28.176495422462935,47.019856731328105,611.691744757337,0,1,0,3.3688556232635336,0
28.99221203866722,46.51343619314854,616.8799145466833,0,1,1,49.42244236854083,0
29.08261329201515,46.92809297964558,618.1178115196009,0,1,1,42.2909025501357,0
29.22925923063687,48.315383956029606,610.8004499032293,0,0,1,70.97066677948392,0
28.791005809512875,47.87616169472713,616.3420272735723,0,0,0,49.224159970771055,0
28.236523378288023,47.56701855412438,618.8456255720681,0,1,1,76.9327087098768,0
29.020617275953764,47.85463044569354,613.8362673555032,1,1,0,62.28006174422449,0
28.75535595353475,47.37761745304465,611.0336726669052,1,1,0,56.624153735982105,0
28.41655509082382,47.324421285093344,618.1764205525952,0,0,1,89.14358562370087,0
29.49515106330571,48.372901620143345,615.244890987673,0,1,1,88.5342338159725,0
28.736089592620115,47.83850026906439,620.3012517229457,1,1,1,78.60426332092992,0
29.23558671949384,47.59106014631466,618.2035388623715,1,0,1,68.22472877635948,0
29.183911031403966,46.62024369099203,616.2800363731251,0,0,1,16.06455819883168,0
29.131153408511395,47.45916592091617,617.2530613308634,1,1,1,44.0690446078163,0
29.315079211056354,47.21996891000121,618.2535194667208,0,0,1,76.82822894538184,0
28.15264063194773,48.07062821674242,614.093881059652,1,0,0,55.52514802649554,0
29.395565945884226,48.20631288374514,617.0511772152935,0,1,1,55.900342969425566,0
28.606973057187716,46.84870183321061,621.8948737430968,1,1,1,18.414019841746043,0
29.229977122492045,48.29427088529477,618.4477521780747,1,1,1,88.63262953255185,0
28.360820241201083,47.38558469243987,616.0112647294603,1,0,1,37.01647954591287,0
28.716309216981944,47.46345487259464,619.855360067418,0,1,1,36.722823797887905,0
29.241456340005954,48.24572581158598,618.1302528132271,0,0,0,70.32254744002076,0
28.959259229409838,47.20852604507792,619.1989294930205,1,1,0,47.04622149465515,0
28.35056034481876,47.47603388011252,616.4165719715896,0,0,1,61.331645001576675,0
29.13919414917383,46.63907398403279,620.2307735436522,1,1,0,5.375543179510678,0
28.385178204442628,47.90659303036949,623.465465095372,0,0,1,97.2458655534264,0
28.50655137655832,47.88231816920885,622.4456745166974,0,0,0,13.180738372624923,0
28.31254618822105,46.938270045534914,613.1898094415441,1,1,0,21.47997685381915,0
28.212764169382535,47.127997974896275,614.0735241839953,0,1,0,25.519814413459162,0
29.100710954309605,47.52063826301271,615.1291651189451,1,0,0,46.88136311311328,0
28.54391174396076,47.98710418971801,619.9743168189292,0,1,0,53.09180932706196,0
28.503135512128384,47.77039182745902,616.6305726229834,1,1,0,51.65994402499603,0
29.230107166056673,47.352107598032674,617.1638271299184,0,1,0,7.876305506503433,0
28.084189870386208,47.922689891676924,618.001929998141,0,1,1,19.250661499927467,0
28.838453454654605,48.016739223193426,622.7636557216332,1,0,1,10.61027984208226,0
28.78667262437446,47.601144912116474,621.816376679735,1,0,0,17.08275160421212,0
28.09937726436095,48.20145065826412,618.4063306229209,1,0,1,38.55445395496534,0
28.950602556088786,48.30881066174015,615.2218087186186,1,0,1,81.00330102691638,0
29.03617842242847,47.820116927971746,619.5035270080881,1,1,0,44.41227743168028,0
28.553470295180606,48.92047667841752,616.4481529612211,1,1,1,53.77026323018138,0
28.873557139388634,47.79242263939317,619.5682049537112,1,1,0,58.291500521454886,0
27.73688297835123,48.22160837411134,616.5982516059731,1,0,1,80.39723112335821,0
28.460422285709694,48.25115330549185,618.8242857903804,0,1,1,16.784511886681443,0
28.706520862758286,48.31060166440822,625.4402158612063,0,1,0,29.01593759547857,0
29.18039510206207,47.91099578607839,620.0656367974707,0,1,1,58.78498758736731,0
28.338546514593848,47.908764843009514,624.0843519174018,0,1,1,14.06961715490137,0
28.771961451927307,47.83914620710791,617.9248618844811,0,1,0,93.21062264401311,0
28.429619552356034,48.27562766937068,615.9237193937046,1,1,0,72.25568513799507,0
28.77118632275698,47.91039430295994,624.2389960729731,1,0,1,29.11840568892037,0
28.282168256910683,48.59451665667056,618.3086398301879,0,1,1,51.79899232599108,0
27.471853096926502,47.42030571601568,615.056981112509,1,1,1,52.77013408198932,0
28.200528569160173,47.588060628506526,617.9264710962027,1,1,1,52.85656758484008,0
28.698830114393136,48.38716124593147,618.6931718133646,1,1,1,35.289934121165956,0
28.000120350377504,47.70914987424333,619.785382567419,0,0,1,64.4874056754868,0
28.427218543040684,47.68196344941782,622.5818612937591,1,1,1,49.03930011462984,0
27.795572815898254,47.47120091085706,619.8156896173092,1,1,0,79.92053698030698,0
28.437025542397755,48.47060113339993,621.0678106348252,1,0,0,48.36299510290236,0
28.569407079478108,48.50188040791358,615.5062337579966,1,1,1,98.04777146477096,0
29.66225797631594,48.620765041847875,621.3213504533122,0,1,0,49.32029579794958,0
27.755173994721133,47.983698045095394,618.2155962939586,0,0,0,17.487184809398737,0
28.451470828946224,48.5499761175427,619.9600772932292,1,0,0,61.865486498344325,0
27.861243773555024,47.714133651245916,620.9867248546199,0,0,0,24.606442216500813,0
28.422397545523193,47.81442643649103,619.6782757092841,0,1,0,4.997030565582694,0
27.89085817592303,47.74483654795394,619.1605938521232,1,1,1,22.43398468541018,0
28.1046334266273,47.35561333994985,620.1554542963673,0,1,1,44.50229888166114,0
28.214317592947307,47.569077628299716,617.9978981232895,1,1,0,39.34057679602784,0
28.37157533092134,47.98283065846318,623.1603323383906,0,1,0,3.9218636673049145,0
28.514963255315422,48.0272539383471,617.1980860386757,0,0,1,21.30701361665085,0
28.2560553163825,48.68119637833182,622.5930829744431,1,1,0,13.734685146992708,0
27.609600914355827,47.5911272933125,621.060660588303,0,0,0,32.58836971983893,0
27.33619732703707,48.74883885368614,617.8124946248549,0,1,1,6.279053416069901,0
27.909443823123684,48.83583300314358,619.3254107598154,0,0,1,92.92620337710738,0
28.15789602606588,48.834100593289115,621.010227572298,1,0,1,67.07469172114236,0
27.451446448727705,47.77825822133931,620.8625132803746,0,0,0,88.12838397654743,0
26.907479579779952,47.44943712191535,618.007990069512,1,1,0,32.17571672232696,0
27.230698902226894,48.454548291747784,620.050918294901,0,1,1,35.13383834203467,0
28.446648627179187,48.60272492933662,616.6234164964574,0,1,1,17.7748549410202,0
27.629012078674332,48.871440578972724,619.0257580781343,1,1,0,76.9507596784345,0
27.92964715570757,47.586556174134365,614.1256408484326,0,1,1,10.866797863582288,0
27.730743520798118,48.321831731957225,626.0474345452712,0,1,1,21.660907450727805,0
28.56693461595851,48.780579176201016,618.2582038091906,0,0,1,60.23423793637599,0
27.393116795983666,47.779626487132575,617.6818757684367,1,1,1,64.16225305230749,0
27.7845674802612,47.794545403487575,623.277907234894,0,1,0,67.63171442255668,0
28.125022042060447,47.882940680002264,617.8836695358627,0,1,0,35.97035557561771,0
27.967175042423197,49.12734423300251,619.0866632546199,1,0,0,52.339979076421436,0
27.66976412411832,47.970678281559344,618.8863019108513,0,0,0,2.6719994452642504,0
26.90393482792191,49.24858421967598,621.1722391171514,1,1,1,89.24396130187398,0
27.498716820762528,48.29706505333735,619.3637141338003,0,1,0,1.740954684980034,0
26.76466607741175,49.010861901791486,616.9182113647889,0,1,0,93.40198434741635,0
27.755053269604865,49.07479871372788,622.4202508781675,0,0,0,14.128601758249982,0
28.07910340337087,47.95300710746891,617.4958669325107,0,1,0,87.88443604851649,0
27.54780202901158,48.6464359610133,619.9651539343979,1,1,1,48.61528608929198,0
27.738790310932103,49.079426252921074,618.2010393190326,0,1,0,9.060376503166712,0
27.012769020170953,49.047885127591435,611.6284234352823,0,0,0,82.40959764029047,0
26.92655682191638,48.76003032110775,620.5220097521649,0,1,0,22.97850892798333,0
27.366080029345394,49.20076108213951,620.0874055788541,1,1,1,65.044882981589,0
28.711657065043227,48.67325514205669,613.5991368445357,1,1,0,85.72396011386657,0
27.743498728932884,48.830972198692486,618.9864232079714,0,0,1,37.02997318511636,0
27.884285057683925,48.87913258849439,617.4987186405165,0,0,1,12.579535270564834,0
27.823819619918172,48.750478155485425,616.4228396592429,1,1,0,5.208944178010588,0
26.489359502892945,48.578053427822034,620.0284969996653,1,0,0,92.41364892556847,0
27.055074775348544,48.90707812561694,613.7768734437628,0,1,1,31.80648768180775,0
27.234922470188867,48.374124000305784,622.1410284401716,0,0,1,41.30788199145229,0
27.562139668225658,49.40393943261407,617.34076850587,1,0,1,26.665358813638974,0
27.614774085912074,49.63702548730645,617.9855275785962,1,1,1,45.732727032049716,0
27.69171248038865,48.47174099804647,616.6007743442389,0,1,0,73.55711582698056,0
27.018504193983976,47.831490223274166,617.3918967454322,0,0,1,64.73917999525496,0
26.842768449705055,48.718693003231934,621.6127232107689,1,1,0,10.313669104828838,0
27.832025576020524,49.22787027117986,619.7832112600234,1,1,1,55.47337820387307,0
26.80997433495829,48.61380517986668,622.4054098484221,1,0,0,52.38777824122886,0
26.914351944358117,48.76371819467584,617.130164046756,1,0,1,5.955870285086751,0
27.08399046653872,48.29659527294393,619.5062869911434,0,0,1,36.265787725451574,0
26.33832318236695,49.96699358076185,614.5207641432946,0,0,1,67.52331139406297,0
27.657630143296103,48.966541398665264,614.9896188057219,0,1,1,86.64359850754833,0
26.86152384496885,48.41809778353878,615.4772576055129,1,1,1,4.793206167780806,0
26.284974265781543,49.21291396706275,616.0035965859103,0,1,0,65.30628424685648,0
26.900133478458876,48.7070297278068,613.6332901542885,1,1,0,65.9344897666422,0
27.02462508371371,48.4927947894197,623.6295466326117,1,1,0,86.83880877168784,0
26.8479037039003,49.386066135520004,618.474390771112,1,1,0,25.809853516208893,0
27.595311661315343,49.46287751811032,616.4557761092391,0,1,1,79.46356775729525,0
27.006938739051527,48.6024230876474,623.4602829318908,0,1,0,80.97893552011351,0
27.153305257287965,50.03578357989146,615.1172670711657,1,1,0,36.06488096067957,0
27.235544098379926,49.70713236498362,615.4326953012412,0,0,0,52.987643686180775,0
27.18761509971939,48.971995733886274,615.2970643338386,1,1,1,68.68883191297806,0
27.604991036203504,48.94014384041603,615.77055380208,1,0,0,61.60280702061824,0
27.287459416291806,48.93329117900462,615.9424795569012,1,1,0,86.81474772613089,0
26.582329254239028,48.666598418997616,616.8107959309731,1,1,0,40.61133424398896,0
26.914193764181565,49.007739669220335,619.2895590328229,0,1,1,88.91184698764354,0
27.167968415707787,48.27030031790149,617.9545160516668,1,0,0,0.8002616955381736,0
26.762617905620818,48.7891351726083,617.4306405165526,1,0,1,47.97334077028344,0
27.03646572745385,48.76530012691507,613.0907371381312,1,1,0,17.891240897679783,0
27.60172162507764,49.79365066668832,618.5256430307874,1,0,1,7.549965195152398,0
26.726078548614147,49.15427179223874,617.3704458236475,1,0,1,7.43785701852816,0
27.503959468966272,48.81917047166205,615.9931648042976,1,0,0,2.032090576845713,0
27.014352353230823,49.176408927777025,610.9148647683596,0,1,0,5.238361366823485,0
27.333613301762178,49.230285040195966,616.7303262090883,0,1,1,68.98150768698305,0
27.180925435445065,48.84909403302487,610.5467874132885,0,0,1,26.69986111135477,0
26.51306542426214,49.3205070579691,613.5064909346639,0,0,0,46.85217208488691,0
26.57977442576003,48.908519864724084,614.3428484464197,0,0,0,37.72162642212853,0
26.758879876379815,48.54406620805637,615.0280974769668,1,0,1,7.432313839453353,0
27.027170728758588,48.509220238759816,614.8217398299546,0,0,1,94.67190869477965,0
26.726477667922538,48.24591031808659,615.5490542255659,1,0,1,95.33255289531782,0
26.749374145253558,48.49321742198173,614.5330032318171,1,0,0,12.538799326145345,0
27.301512503867098,48.55127806056539,613.3065647191962,0,1,1,56.88605807588877,0
26.692548246852674,48.529817656066584,612.0020887358569,0,0,0,51.617070118909936,0
27.918559433983628,48.92321152284327,612.8090158166619,0,0,0,93.94485922382766,0
26.914069874968813,48.74225457051011,619.3151403396438,1,1,1,38.51086998013188,0
26.37278002913671,48.71575265525526,614.9580835845126,1,0,1,79.96853120745328,0
27.55898992542921,48.203769714467924,616.3436765039535,1,0,1,27.11953951637467,0
27.23133287522395,49.9341761222867,611.6972976525047,0,1,1,86.21417827687313,0
27.19769652387698,48.898935481866516,611.3028422020676,1,0,0,71.90865036129502,0
26.832348193244883,48.94539081750487,612.2821089570366,0,1,1,76.50020587947074,0
27.841575469535655,48.251753553357716,611.3738934052183,1,1,0,42.92640992007919,0
26.528152778576025,49.431181895272466,612.8510304321853,0,0,1,10.603549671509827,0
27.26659423659634,49.06319649638881,609.6941863373861,1,0,0,37.42416114506798,0
26.78724433779469,48.4636845577013,610.4814784800797,0,0,0,70.96789347975735,0
26.91674874142239,48.73545899400326,606.9821366375381,0,1,0,33.28541393837394,0
26.73080543970399,48.82091729757958,612.0155801746312,1,0,0,36.072309581850284,0
26.683845251866924,49.282297448352004,611.8707339611855,1,1,0,95.03359126139262,0
26.91323519807431,48.55989797460373,610.537374810972,0,0,1,58.260977533687054,0
27.419960490744216,49.169509595712576,610.8741344013386,0,0,0,35.99705236753429,0
26.9111427458175,49.69199158785184,614.1006051678671,1,0,1,61.01539925750223,0
27.371857336072676,48.72207097297296,612.2310314153573,0,1,0,71.66794634824862,0
26.88697743704903,49.965737880212025,610.3047135955924,0,1,1,94.89098920757002,0
26.844992797247844,48.40552183348307,611.7680070931062,0,1,0,14.202092531078936,0
27.332477744266054,49.216955476354855,608.9864448750418,0,0,1,76.50346338501188,0
26.909916325971412,49.20366219233808,610.6784893676539,0,0,1,5.713946375720303,0
27.740166266499873,49.06741246900721,608.7196953979453,0,1,0,61.80370626716686,0
27.175497824158118,49.33021956879145,609.7966694062303,0,0,1,71.98817867670392,0
26.891630976555458,48.291206199992104,610.4153151251337,1,1,0,88.0173977819178,0
27.634820862099144,48.80766343932531,610.3778609664446,0,1,1,8.066874760875864,0
27.16321778219281,48.951164398148244,613.21519210725,1,0,0,64.34919226700399,0
27.19925539369274,48.17993544074568,611.2533285869604,1,0,1,9.242871410431409,0
27.051331572481374,49.73952870706523,610.2099379375064,1,1,1,72.21974746064306,0
27.85819432455895,49.064470662873426,613.8394141641916,1,0,1,9.665327569846472,0
26.59887057718251,49.76271194501885,612.7052054607669,1,0,0,46.59437714216771,0
26.88196042974333,49.01514546828832,607.8649366572967,0,1,0,65.9480422653493,0
27.02409925008453,48.734118975661275,606.7571124384405,0,1,0,98.40475790215987,0
26.94183283470562,49.5100199451722,608.1750282359064,0,1,1,84.96149248561858,0
26.034136002610243,48.41572450129197,609.8357352606308,1,0,0,65.3210541636581,0
26.47610034405067,48.62563177341969,611.3732007253035,0,0,0,62.77521968560947,0
26.204607315345562,48.339027112004416,607.6270281916228,0,0,0,65.10811841826005,0
27.38541578203203,49.204637160492155,603.4596944006485,0,1,1,82.28315359845806,0
27.52868999085315,49.354123417834856,606.2725776393517,1,0,0,95.99425880709607,0
26.75244914480978,49.27304197217134,610.3252400563821,0,1,0,87.68615894120448,0
26.173243967649753,48.42855392789957,607.1966206440272,1,1,1,43.97447749623507,0
27.6797419732825,49.18830641777553,603.3908671036606,0,1,1,51.771608427329475,0
26.442007710854963,48.25701949699864,611.06116968173,1,1,0,49.52467918589579,0
27.408987600063703,48.598360188540134,610.017241673091,0,0,1,40.6406884919577,0
27.254106745205277,48.881070375802885,606.6901075794734,0,0,0,92.0163440940305,0
26.902755939795906,49.82113306701568,602.8310580530899,1,1,0,47.078826494205984,0
27.263931201706278,48.97613721325399,602.5326670028442,0,0,1,62.10962560798634,0
26.931206671886102,49.242894729989814,608.7028247083883,0,0,1,23.177349568284868,0
27.488623737778934,49.12403735893422,604.3361256830304,0,1,1,43.38079385050306,0
27.418609586235586,48.93274261224872,611.3753596816525,1,1,1,92.40710676972527,0
28.12178851949226,48.807766662997274,605.1524697098957,1,0,0,77.24763446417263,0
27.564959756455814,49.14831927778725,606.0218450207592,1,1,0,3.409950559029473,0
27.862125584515958,48.23308935278329,608.5708209723603,0,1,1,90.81689641218777,0
27.763355765288306,49.53382624910316,602.1287171042462,0,0,0,13.98056705819306,0
27.794888683953292,48.87605076219565,605.3140771976492,1,1,0,37.69803602565423,0
27.11018778054753,48.05885931374683,607.6526752550191,1,0,1,9.72380088834347,0
27.76936319376952,46.734607232743954,610.4018898683654,1,1,0,54.31691591466724,0
27.16513034004274,48.955891671634916,603.5403329886044,1,0,0,21.789355348679784,0
27.947355372758068,48.041019958191754,604.3816797317929,1,1,1,95.38169563728583,0
27.801699284361984,48.89711706623669,608.0663983850534,1,1,1,15.311398361185057,0
27.32975306850642,48.43763353599506,605.5877388759565,0,1,1,70.32565454395949,0
26.646397743105073,48.72118766109062,605.7658556651462,0,0,1,51.49959222918713,0
27.02732773760478,48.901275717559706,603.3120716979178,0,0,1,9.139737895900069,0
27.526846236908593,48.385693825202324,602.0226321670543,0,0,0,60.29879582536138,0
26.918292541594102,48.2042507729382,600.4542421770194,0,0,0,33.55425186396196,0
27.708002960937197,48.84157256614953,600.1292974270193,0,1,1,4.421981417547816,0
26.72888402711587,48.75133355013131,605.6328013617676,0,1,1,23.246044239793264,0
27.161054602655376,49.11603817207812,596.729891417822,1,0,0,32.37709287930306,0
28.377931370538228,48.456552252024764,598.4990177954865,0,1,0,82.99225392724134,0
28.660454501324544,48.94705617446707,601.185763180704,0,1,1,38.238808520090586,0
27.146392438470006,48.6652089776527,603.7020712060785,0,0,1,60.93937149000528,0
28.19092999572176,48.27935263110458,602.8424197602623,0,0,0,77.89981161843717,0
27.344321165930197,49.06719960790201,599.1476673655418,0,0,0,68.08376837405886,0
27.593000028815876,49.39922773072227,595.8360495202851,0,0,0,75.14887578867676,0
28.39313401365786,48.463842784564164,599.8543157306826,1,0,1,36.17297165069283,0
27.019381436772633,48.53955952822769,602.515583229995,1,0,1,70.7441149204436,0
27.99674222565032,48.708406099093644,597.1619624264753,1,0,1,31.395995614476625,0
27.67055483901177,48.2389450952291,600.086759341022,1,0,0,33.609382731871726,0
29.094885603443917,49.07880691435485,596.6100604059433,0,1,1,20.847170195482324,0
28.72257912815495,48.58152155633152,597.4790851058614,0,1,1,85.97114970788935,0
27.896566611174322,49.04796452897244,602.2982491512254,1,1,1,18.10812331644168,0
28.799570317401656,48.43385649294687,597.0634074107253,0,1,1,27.142983440540156,0
28.450008404036264,48.85679489766078,602.7415282198136,0,0,0,12.467217533303977,0
28.024579328162158,48.272356422638204,597.6057205130352,1,0,0,58.834810742706026,0
27.78490722602523,48.503843826966275,598.4467555850198,0,0,0,3.6282144711005104,0
28.592722107199595,47.47362830287946,597.5849718070039,0,1,0,4.898186813493077,0
28.287160374462495,48.13112143283967,598.100108761125,1,0,0,84.20682268966198,0
27.843763804876883,47.53977009058746,596.3913403672722,1,0,0,30.128836707524787,0
28.572552104442607,47.8274976979242,595.079703855527,0,1,1,28.205815051812387,0
28.115408121518318,48.24433498246046,595.784226388861,0,0,0,58.56432304259117,0
27.55941567036947,48.59259956215364,597.271439638505,0,1,0,36.21968912569591,0
28.10433219122223,49.414103452878784,595.7770496030745,1,0,0,87.5126137009258,0
28.58369576327143,48.34033892438343,600.8895980145369,0,0,0,73.47281592042685,0
28.14622634618702,48.47023242158676,593.8948214606339,1,1,0,19.50357405871387,0
28.3149409024648,48.39741578598781,589.1297618946704,1,0,1,63.35914920056992,0
28.040768777602512,48.22315959176412,594.4888985395173,1,1,0,89.05364002257703,0
27.920293107036212,48.36461585021142,598.6887962474698,0,1,1,0.3784576587022359,0
28.628035400499765,47.338167363062986,599.1451408415944,0,0,1,55.897189186489946,0
28.317285773634477,48.533002281458,595.9722952754597,1,1,0,80.27850686085385,0
28.436881773489254,48.156085156424076,595.1098317190559,0,1,1,46.45447304133833,0
28.230056082681095,48.05553812935088,598.4097997132384,0,0,1,53.98811870162222,0
28.83518631208007,47.38715037505079,590.6753230632052,1,0,1,80.68225138816084,0
27.758736500707794,48.284606715671536,595.5061453725617,1,1,0,17.060822358895035,0
27.731128135488387,48.060490642846695,598.5661682636933,0,0,0,87.33663691881203,0
27.76125581767468,48.77200174823896,597.3713152837805,0,0,1,40.53896525488224,0
28.765153509220593,47.588577374184226,592.6066638303614,1,0,1,60.37502912743642,0
28.500491939995218,48.41174096415064,595.7018028125543,0,1,1,19.53140509738577,0
28.198630140642344,48.16418023168351,596.407921359077,1,1,0,90.49633254379933,0
28.36019944019739,47.82106975690774,592.4934258799435,1,1,0,99.76327110396909,0
29.39797756292907,48.28958805195523,595.9046011718189,0,0,1,52.24935045434851,0
29.29055530582374,46.40910455868179,597.9165061913046,1,1,0,1.4767293150417027,0
28.11133395659536,48.57464709320068,593.4112346161402,0,1,1,84.24884216271198,0
29.169799149465238,47.53718029770602,593.8232838454741,1,0,0,90.57591246387689,0
29.349703224624385,47.537123882859845,594.4643959753038,0,0,0,51.994238112920264,0
28.87123164422185,47.414837055794436,592.885538686613,0,1,1,27.56766863888015,0
27.900923429344786,47.41580536846668,588.7438940239683,0,0,0,39.876453311519434,0
28.99900338518698,48.94173909459776,591.6972364762204,0,0,1,91.7178597646716,0
28.92233829658389,48.75586329036689,594.85158655081,1,1,1,61.01895014100788,0
29.155975137423585,48.78176366526909,596.0504814458387,1,1,0,61.88639650930333,0
28.920729666069207,47.49600387801239,591.6159257217759,0,0,0,76.44527757256886,0
28.51790865422487,47.935528253572755,592.1807035116738,0,0,0,31.25630373489893,0
28.812778962216598,47.60180907476771,591.8961130725829,0,1,0,98.18897329257992,0
29.6233378772505,48.048263631014315,591.1118349669113,1,1,0,67.66165178134774,0
28.50101646972006,48.277021419790714,590.5094921207418,0,1,1,17.864345381202497,0
27.91179245472938,48.4982229366623,591.1425392670218,0,0,0,71.99988818218776,0
29.142287035739745,48.24251110194163,591.7606435148534,1,0,1,53.399898494520905,0
29.42036129814007,47.41288573014254,594.5228630341691,1,1,0,83.39734090588054,0
28.098251294612087,47.7675558317352,590.9149237467863,0,0,1,44.48055670222787,0
29.269531607078946,47.93029517479782,589.5585564284377,0,1,1,14.242654381835207,0
28.400842766028802,48.31669062490425,590.435608282039,1,1,1,94.50616192911829,0
28.617518719619696,48.012282168701546,584.7479350634527,1,0,1,84.97532505373897,0
29.106834622599305,47.654168968135956,594.9434316229392,0,1,0,91.92790470761261,0
28.248165480087074,48.246580985729196,585.9567648367332,0,1,0,45.57734774493477,0
29.21152384969145,47.37863050436215,587.4079074671436,1,1,1,6.833556640271743,0
28.830338281046245,48.47865484557666,590.0633162794477,0,1,1,91.29421185127032,0
